[
  {
    "driver_id": "D_0001",
    "slug": "alan_jones",
    "first_name": "Alan",
    "last_name": "Jones",
    "nationality": "AUS",
    "birthdate": "1946-11-02",
    "team_id": "T_WILLIAMS",
    "attributes": {
      "current_ability": 86,
      "potential_ability": 88,
      "pace": 85,
      "qualifying": 84,
      "start_launch": 83,
      "racecraft": 86,
      "wet_skill": 78,
      "consistency": 84,
      "tire_management": 82,
      "race_intelligence": 85,
      "technical_feedback": 80,
      "adaptability": 79,
      "ers_fuel_management": 0,
      "mentality": 85,
      "aggression": 72,
      "crash_likelihood": 12,
      "pressure_handling": 84,
      "leadership": 78,
      "team_player": 80,
      "car_development_impact": 70,
      "world_titles": 0
    }
  },
  {
    "driver_id": "D_0002",
    "slug": "nelson_piquet",
    "first_name": "Nelson",
    "last_name": "Piquet",
    "nationality": "BRA",
    "birthdate": "1952-08-17",
    "team_id": "T_BRABHAM",
    "attributes": {
      "current_ability": 84,
      "potential_ability": 94,
      "pace": 86,
      "qualifying": 87,
      "start_launch": 82,
      "racecraft": 85,
      "wet_skill": 79,
      "consistency": 83,
      "tire_management": 81,
      "race_intelligence": 84,
      "technical_feedback": 82,
      "adaptability": 80,
      "ers_fuel_management": 0,
      "mentality": 84,
      "aggression": 70,
      "crash_likelihood": 14,
      "pressure_handling": 83,
      "leadership": 74,
      "team_player": 78,
      "car_development_impact": 76,
      "world_titles": 0
    }
  }
]